[{"code":"","src":"https://http2.mlstatic.com/frontend-assets/mshops-web-widgets/v2.1.0/cookie-disclaimer.js","priority":10,"key":"widget-0"},{"code":"","src":"https://http2.mlstatic.com/frontend-assets/mshops-web-widgets/v2.1.0/menu-fashion.js","priority":10,"key":"widget-1"},{"code":"","src":"https://http2.mlstatic.com/frontend-assets/mshops-web-widgets/v2.1.0/search-fashion.js","priority":10,"key":"widget-2"},{"code":"","src":"https://http2.mlstatic.com/frontend-assets/mshops-web-widgets/v2.1.0/on-scroll-header.js","priority":10,"key":"widget-3"},{"code":"","src":"https://http2.mlstatic.com/frontend-assets/mshops-web-widgets/v2.1.0/cart-badge.js","priority":10,"key":"widget-4"},{"code":"","src":"https://code.jquery.com/jquery-3.6.0.min.js","priority":10,"key":"widget-5"},{"code":"","src":"https://cdn.jsdelivr.net/npm/slick-carousel@1.8.1/slick/slick.min.js","priority":10,"key":"widget-6"},{"code":"(function() {\n    var link = document.querySelector(\"link[rel*='icon']\") || document.createElement('link');\n    link.type = 'image/x-icon';\n    link.rel = 'shortcut icon';\n    link.href = 'https://www.estudioindexwip.com.ar/vraptor/favicon.png';\n    document.getElementsByTagName('head')[0].appendChild(link);\n  })();\n  function faviconIn(){\n    var link = document.querySelector(\"link[rel*='icon']\") || document.createElement('link');\n    link.type = 'image/x-icon';link.rel = 'shortcut icon';\n    link.href = 'https://www.estudioindexwip.com.ar/vraptor/favicon.png';\n    document.getElementsByTagName('head')[0].appendChild(link)\n  };\n  \n  setTimeout(faviconIn,1000);\n\nvar url = window.location.pathname;\nurl.split('/')[1];\nif (url == '/') {\n    function Home(){\n        document.getElementsByTagName('body')[0].classList.add('customPage');\n\n        document.getElementById('indexDiv').innerHTML =`\n           <section class=\"talles\">\n                <h2>Tabla de talles</h2>\n                <div class=\"talles_container\">\n                    <img src=\"https://www.estudioindexwip.com.ar/vraptor/banner-desktop2.jpg\" alt=\"\" class=\"desktop\">\n                    <img src=\"https://www.estudioindexwip.com.ar/vraptor/banner-mobile2.jpg\" alt=\"\" class=\"mobile\">\n                </div>\n           </section>\n           <section class=\"categorias_destacadas\">\n                <div class=\"categorias_container\">\n                    <h2>Categorías</h2>\n                    <div class=\"top_categorias\">\n                        <a href=\"/ropa/ropa-interior-y-de-dormir/ropa-de-dormir/pijamas/bebes\" class=\"bebes\"><span>Bebés</span></a>\n                        <a href=\"/ropa/ropa-interior-y-de-dormir/ropa-de-dormir/pijamas/sin-genero\" class=\"ninos\"><span>Niños</span></a>\n                    </div>\n                    <div class=\"bottom_categorias\">\n                        <a href=\"#\"><img src=\"https://www.estudioindexwip.com.ar/vraptor/accesorios.png\" alt=\"\"></a>\n                    <div>\n                </div>\n           </section>\n           <section class=\"temporadas\">\n                <div class=\"temporadas_container\">\n                    <h2>Temporadas</h2>\n                    <div class=\"top_temporadas\">\n                        <a href=\"/ropa/ropa-interior-y-de-dormir/ropa-de-dormir/pijamas/otono-invierno\"><img src=\"https://iili.io/HOHxkZl.jpg\" alt=\"\"></a>\n                        <a href=\"/ropa/ropa-interior-y-de-dormir/ropa-de-dormir/pijamas/primavera-verano\"><img src=\"https://www.estudioindexwip.com.ar/vraptor/verano.jpg\" alt=\"\"></a>\n                    </div>\n                    <div class=\"bottom_temporadas\">\n                        <a href=\"/materiales\"><img src=\"https://www.estudioindexwip.com.ar/vraptor/bannerestampados.jpg\" alt=\"\"></a>\n                    <div>\n                </div>\n           </section>\n           <section class=\"colores\">\n                <div class=\"colores_container\">\n                    <h2>¿Cuál es tu color favorito hoy?</h2>\n                    <div>\n                        <a href=\"/ropa/ropa-interior-y-de-dormir/ropa-de-dormir/pijamas/_Color-Principal_Blanco\"><div id=\"blanco\"></div></a>\n                        <a href=\"/ropa/ropa-interior-y-de-dormir/ropa-de-dormir/pijamas/_Color-Principal_Rosa\"><div id=\"rosa\"></div></a>\n                        <a href=\"/ropa/ropa-interior-y-de-dormir/ropa-de-dormir/pijamas/_Color-Principal_Celeste\"><div id=\"celeste\"></div></a>\n                        <a href=\"/ropa/ropa-interior-y-de-dormir/ropa-de-dormir/pijamas/_Color-Principal_Gris-claro\"><div id=\"gris\"></div></a>\n                        <a href=\"/ropa/ropa-interior-y-de-dormir/ropa-de-dormir/pijamas/_Color-Principal_Verde\"><div id=\"verde\"></div></a>\n                        <a href=\"/ropa/ropa-interior-y-de-dormir/ropa-de-dormir/pijamas/_Color-Principal_Marrón\"><div id=\"marron\"></div></a>\n                    </div>\n                </div>   \n           </section>\n           <section class=\"estampados\">\n                <div class=\"estampados_container\">\n                    <h2>Nuestros estampados</h2>\n                    <ol class=\"slickIndex\">\n                        <li>\n                        <a href=\"/ropa/ropa-interior-y-de-dormir/ropa-de-dormir/pijamas/bunny-rosa\">\n                            <div class=\"circle\">\n                                <img src=\"https://www.estudioindexwip.com.ar/vraptor/bunnyrosa.jpeg\" alt=\"\" class=\"carousel-img\">\n                            </div>\n                            <span>Comprar</span>\n                        </a>\n                        <h3>Bunny Rosa</h3>\n                        </li>\n                        <li>\n                        <a href=\"/ropa/ropa-interior-y-de-dormir/ropa-de-dormir/pijamas/rayado-rosa\">\n                            <div class=\"circle\">\n                                <img src=\"https://www.estudioindexwip.com.ar/vraptor/rayarosa.jpeg\" alt=\"\" class=\"carousel-img\">\n                            </div>\n                            <span>Comprar</span>\n                        </a>\n                        <h3>Rayado Rosa</h3>\n                        </li>\n                        <li>\n                        <a href=\"/ropa/ropa-interior-y-de-dormir/ropa-de-dormir/pijamas/rayado-gris\">\n                            <div class=\"circle\">\n                                <img src=\"https://www.estudioindexwip.com.ar/vraptor/rayagris.jpeg\" alt=\"\" class=\"carousel-img\">\n                            </div>\n                            <span>Comprar</span>\n                        </a>\n                        <h3>Rayado Gris</h3>\n                        </li>\n                        <li>\n                        <a href=\"/ropa/ropa-interior-y-de-dormir/ropa-de-dormir/pijamas/dino\">\n                            <div class=\"circle\">\n                                <img src=\"https://www.estudioindexwip.com.ar/vraptor/dino.jpeg\" alt=\"\" class=\"carousel-img\">\n                            </div>\n                            <span>Comprar</span>\n                        </a>\n                        <h3>Dino</h3>\n                        </li>\n                        <li>\n                        <a href=\"/ropa/ropa-interior-y-de-dormir/ropa-de-dormir/pijamas/woodland\">\n                            <div class=\"circle\">\n                                <img src=\"https://www.estudioindexwip.com.ar/vraptor/woodland.jpeg\" alt=\"\" class=\"carousel-img\">\n                            </div>\n                            <span>Comprar</span>\n                        </a>\n                        <h3>Woodland</h3>\n                        </li>\n                        <li>\n                        <a href=\"/ropa/ropa-interior-y-de-dormir/ropa-de-dormir/pijamas/print\">\n                            <div class=\"circle\">\n                                <img src=\"https://www.estudioindexwip.com.ar/vraptor/print.jpeg\" alt=\"\" class=\"carousel-img\">\n                            </div>\n                            <span>Comprar</span>\n                        </a>\n                        <h3>Print</h3>\n                        </li>\n                        <li>\n                        <a href=\"/ropa/ropa-interior-y-de-dormir/ropa-de-dormir/pijamas/rabbit\">\n                            <div class=\"circle\">\n                                <img src=\"https://www.estudioindexwip.com.ar/vraptor/rabbit.jpeg\" alt=\"\" class=\"carousel-img\">\n                            </div>\n                            <span>Comprar</span>\n                        </a>\n                        <h3>Rabbit</h3>\n                        </li>\n                        <li>\n                        <a href=\"/ropa/ropa-interior-y-de-dormir/ropa-de-dormir/pijamas/rex\">\n                            <div class=\"circle\">\n                                <img src=\"https://www.estudioindexwip.com.ar/vraptor/rex.jpeg\" alt=\"\" class=\"carousel-img\">\n                            </div>\n                            <span>Comprar</span>\n                        </a>\n                        <h3>Rex</h3>\n                        </li>\n                        <li>\n                        <a href=\"/ropa/ropa-interior-y-de-dormir/ropa-de-dormir/pijamas/aruba\">\n                            <div class=\"circle\">\n                                <img src=\"https://www.estudioindexwip.com.ar/vraptor/aruba.jpeg\" alt=\"\" class=\"carousel-img\">\n                            </div>\n                            <span>Comprar</span>\n                        </a>\n                        <h3>Aruba</h3>\n                        </li>\n                        <li>\n                        <a href=\"/ropa/ropa-interior-y-de-dormir/ropa-de-dormir/pijamas/baby-shark\">\n                            <div class=\"circle\">\n                                <img src=\"https://www.estudioindexwip.com.ar/vraptor/babysharkrayado.jpeg\" alt=\"\" class=\"carousel-img\">\n                            </div>\n                            <span>Comprar</span>\n                        </a>\n                        <h3>Baby shark</h3>\n                        </li>\n                        <li>\n                        <a href=\"/ropa/ropa-interior-y-de-dormir/ropa-de-dormir/pijamas/zazu\">\n                            <div class=\"circle\">\n                                <img src=\"https://www.estudioindexwip.com.ar/vraptor/zazu.jpeg\" alt=\"\" class=\"carousel-img\">\n                            </div>\n                            <span>Comprar</span>\n                        </a>\n                        <h3>Zazu</h3>\n                        </li>\n                        <li>\n                        <a href=\"/ropa/ropa-interior-y-de-dormir/ropa-de-dormir/pijamas/safari\">\n                            <div class=\"circle\">\n                                <img src=\"https://www.estudioindexwip.com.ar/vraptor/safari.jpeg\" alt=\"\" class=\"carousel-img\">\n                            </div>\n                            <span>Comprar</span>\n                        </a>\n                        <h3>Safari</h3>\n                        </li>\n                        <li>\n                        <a href=\"/ropa/ropa-interior-y-de-dormir/ropa-de-dormir/pijamas/rayado-celeste\">\n                            <div class=\"circle\">\n                                <img src=\"https://www.estudioindexwip.com.ar/vraptor/rayadoceleste.jpeg\" alt=\"\" class=\"carousel-img\">\n                            </div>\n                            <span>Comprar</span>\n                        </a>\n                        <h3>Rayado Celeste</h3>\n                        </li>\n                    </ol>\n                </div>\n           </section>\n           <section class=\"instagram\">\n                <h2> Seguinos en instagram</h2>\n                <iframe src=\"https://cdn.lightwidget.com/widgets/4f54dc5fade65ec0ab381895945de7de.html\" scrolling=\"no\" allowtransparency=\"true\" class=\"lightwidget-widget\" style=\"width:100%;border:0;overflow:hidden;\"></iframe>           </section>\n        `;\n        var secondImage = document.getElementsByClassName(\"ui-item\");\n        for (var i = 0; i < secondImage.length; i++) {\n            var href = secondImage.item(i);\n            var id_producto = href.getAttribute('href').split('-')[1];\n            var agregarClase = 'class' + id_producto;\n            var agregarClaseImg = '.'+agregarClase;\n            secondImage.item(i).classList.add(agregarClase);\n            get2ndImg(id_producto,agregarClaseImg);\n        }\n        function get2ndImg(id_producto,agregarClaseImg){\n            var urlVip = 'https://api.mercadolibre.com/items?ids=MLA'+id_producto+'#json';\n                fetch(urlVip)\n                .then(response => response.json())\n                .then(data => {\n                    var pictures2nd = data[0].body.pictures[1].secure_url;\n                    $(agregarClaseImg).find('.ui-item__image-container').append(`<img class=\"picture2nd\" src=\"${pictures2nd}\">`);\n            }); \n        }\n    }\n    \n    function Slick(){\n        $('.slickIndex').slick({\n            slidesToShow: 5,\n            slidesToScroll: 1,\n            arrows: true,\n            autoplay: false,\n            centerMode: true,\n            responsive: [\n            {\n              breakpoint: 768,\n              settings: {\n                slidesToShow: 1,\n                slidesToScroll: 1,\n                infinite: true,\n                arrows: false,\n                centerMode: false,\n              }\n            }\n            ]\n        });\n    }\n\n    setTimeout(Slick,1000)\n    setTimeout(Home,500)\n}else if (url =='/materiales'){\n\n    document.getElementsByTagName('body')[0].classList.add('customPage2');\n\n    function materiales(){\n      document.getElementById('indexDiv').innerHTML = `\n        <img src=\"https://www.estudioindexwip.com.ar/vraptor/banner.jpg\" alt=\"\" class=\"banner\">\n        <section class=\"materiales\">\n            <div class=\"materiales_container\">\n                <div class=\"texto\">\n                <img src=\"https://www.estudioindexwip.com.ar/vraptor/materiasprimastit.png\" alt=\"\" class=\"img_title\">\n                    <p>V-Raptor es una marca creada en familia. Surge de un proyecto soñado, pensado y desarrollado desde cero, inspirada en nuestros dos hijos. El proyecto fue desarrollado íntegramente en Argentina y está pensado para las 4 estaciones del año, sin importar en qué lugar del país o del mundo estes. Nuestro objetivo es que siempre tengas los pijamas más suaves y cómodos para el uso diario con estampados que a tus hijos les van a encantar.</p>\n                    <p>Sabemos la importancia del sueño en sus primeros años; que los niños estén cómodos a la hora dormir es nuestra prioridad. Pensado para ellos y para vos. ¡Esperamos que los disfruten tanto como nosotros!</p>\n                    <p>El pijama es la prenda que todos elegimos para estar en nuestra casa, para sentirnos cómodos y disfrutar de los descansos. En este caso cada detalle fue pensado para la comodidad de los niños.</p>\n                    <p>La suavidad de la tela fue nuestra prioridad, las costuras en los cuellos fueron cubiertas por una cintas suave que fue ideada para no generar molestias ni picazón. Quisimos un pijama con terminación premium haciendo que nada le pinche o le moleste a los niños a la hora de su descanso.</p>\n                    <p>En el caso de los Ositos utilizamos los mejores cierres que podes encontrar en el mercado mundial YKK, con esto nos aseguramos no solo darle un acabado de calidad sino garantizarle al cliente que nunca va a tener problemas con el cierre.</p>\n                    <p>Nuestra tela al tener un porcentaje de elastano hace que ponerle el pijama a los chicos sea super fácil ya que la tela cede fácilmente y regresa a su forma original sin deformarse. También le da libertad de movimiento a los niños en su día a día ya que la prenda es elastizada.</p>\n                    <p>Nuestras estampas están hechas mediante estampa digital. No usa papel, no usa agua, no hay desechos, por eso es ecofriendly. Este tipo de estampado permite que la estampa tenga mayor durabilidad lavado tras lavado.</p>\n                    <p>Pensado para ellos y para vos, salí a la vida en pijamas. Usalos como quieras, cuándo quieras, dónde quieras.</p>\n                    <p>Pijamas y algo más... V-Raptor.</p>      \n                </div>\n                <div class=\"imagenes\">\n                    <div>\n                        <img src=\"https://www.estudioindexwip.com.ar/vraptor/1.jpg\" alt=\"\">\n                        <img src=\"https://www.estudioindexwip.com.ar/vraptor/2.jpg\" alt=\"\">\n                        <img src=\"https://www.estudioindexwip.com.ar/vraptor/3.jpg\" alt=\"\">\n                        <div>\n                            <img src=\"https://www.estudioindexwip.com.ar/vraptor/eco.jpg\" alt=\"\">\n                            <img src=\"https://www.estudioindexwip.com.ar/vraptor/IndArg.jpg\" alt=\"\">\n                        </div>    \n                    </div>\n                </div>\n            </div>\n        </section>\n      `;\n    }\n    setTimeout(materiales,1500);\n} \n\n/* Mostrar 2nda imagen de productos en hover. Home y search */\n\n$(document).on('mouseenter', '.ui-search-layout--grid .ui-search-link .slick-track', function (){\n    let estilosTrack = this.getAttribute('style').split(';')[2].replace(\" \", \"\");\n    let estilos = this.querySelector('.slick-slide').getAttribute('style');\n    let estilosSplit1 = estilos.split(';')[1];\n    let estilosSplit2 = estilosSplit1.split(':')[1].replace(\" \", \"\");\n    let estilosToApply = 'opacity: 1; transform: translate3d(-'+estilosSplit2+', 0px, 0px);' + estilosTrack;\n    this.style = estilosToApply; \n});\n$(document).on('mouseleave', '.ui-search-layout--grid .ui-search-link .slick-track', function (){\n    let estilosTrack = this.getAttribute('style').split(';')[2].replace(\" \", \"\");\n    let estilosToApply = 'opacity: 1; transform: translate3d(0px, 0px, 0px);' + estilosTrack;\n    this.style = estilosToApply; \n});\n\n$(document).on('click', '.mshops-recommendations-wrapper .carousel-with-tabs .carousel-with-tabs__tabs-list .tabs-list__item', function (){\n\n    $('.ui-item').each(function (){\n        if($(this).find('.picture2nd').length === 0){         \n            var id_producto = $(this).attr('href').split('-')[1];\n            var agregarClase = 'class' + id_producto;\n            var agregarClaseImg = '.'+agregarClase;\n            $(this).addClass(agregarClase);\n            get2ndImg(id_producto,agregarClaseImg);\n        } \n    });\n    function get2ndImg(id_producto,agregarClaseImg){\n        var urlVip = 'https://api.mercadolibre.com/items?ids=MLA'+id_producto+'#json';\n            fetch(urlVip)\n            .then(response => response.json())\n            .then(data => {\n                var pictures2nd = data[0].body.pictures[1].secure_url;\n                $(agregarClaseImg).find('.ui-item__image-container').append(`<img class=\"picture2nd\" src=\"${pictures2nd}\">`);\n        }); \n    }\n});\n\n$(document).on('click', '.mshops-recommendations-wrapper .next-button', function (){\n\n    $('.ui-item').each(function (){\n        if($(this).find('.picture2nd').length === 0){         \n            var id_producto = $(this).attr('href').split('-')[1];\n            var agregarClase = 'class' + id_producto;\n            var agregarClaseImg = '.'+agregarClase;\n            $(this).addClass(agregarClase);\n            get2ndImg(id_producto,agregarClaseImg);\n        } \n    });\n    function get2ndImg(id_producto,agregarClaseImg){\n        var urlVip = 'https://api.mercadolibre.com/items?ids=MLA'+id_producto+'#json';\n            fetch(urlVip)\n            .then(response => response.json())\n            .then(data => {\n                var pictures2nd = data[0].body.pictures[1].secure_url;\n                $(agregarClaseImg).find('.ui-item__image-container').append(`<img class=\"picture2nd\" src=\"${pictures2nd}\">`);\n        }); \n    }\n});","src":"","priority":10,"key":"widget-7"}]